id|first_name|last_name|account_number|email|Verificar Cuenta
1|Addison|Marks|196296|ornare.lectus@et.edu|OK
2|Dakota|Garza|409025|scelerisque@Praesentluctus.edu|OK
3|Basia|Wolfe|637720|Aliquam@nullaIntegerurna.com|OK
4|Germaine|Campbell|826846|id.magna@viverraMaecenas.ca|OK
5|Lenore|Pennington|345284|aliquam@Integer.edu|OK
6|Stacy|Santos|512759|varius@dictummagna.edu|OK
7|Jack|Hancock|644688|magna.sed.dui@atnisi.com|OK
8|Dolan|Colon|969175|vel@blandit.com|OK
9|Mia|Johnston|789448|auctor.non.feugiat@lectus.ca|OK
10|Malachi|Zimmerman|217250|erat.Sed.nunc@auctor.org|OK
11|Allen|Paul|644841|Quisque.porttitor.eros@pedePraesent.ca|OK
12|Fallon|Dunn|453682|posuere.vulputate@DonecegestasAliquam.org|OK
13|Donna|Swanson|727124|dolor@et.ca|OK
14|Dante|Caldwell|780133|Phasellus.dolor.elit@viverraMaecenasiaculis.com|OK
15|Paul|Graham|153596|auctor.vitae.aliquet@varius.co.uk|OK
16|Christen|Cleveland|980913|Aenean.massa.Integer@nisiAenean.net|OK
17|Bevis|Hatfield|420064|tempor.lorem.eget@facilisisegetipsum.ca|OK
18|Kermit|Hale|690237|orci.consectetuer@in.edu|OK
19|Imani|Mcgowan|976722|placerat.augue.Sed@hendrerita.net|OK
20|Hollee|Gray|705875|urna.Ut.tincidunt@Proin.com|OK
21|Ainsley|Meyer|433161|orci@risusquis.net|OK
22|Joseph|Heath|230206|nisi@pellentesquetellussem.ca|OK
23|Thomas|Richardson|118839|Praesent@congueInscelerisque.org|OK
24|Quincy|Buckner|676034|velit@nislelementum.co.uk|OK
25|Lee|Vance|874024|lorem@nonummyultriciesornare.co.uk|OK
26|Nathaniel|Ruiz|327166|magna.Sed.eu@arcuMorbisit.com|OK
27|Kimberley|Parks|319377|vestibulum.lorem.sit@eueuismod.edu|OK
28|Ivory|Downs|133677|sem@sed.ca|OK
30|Laura|Rivera|270464|nascetur.ridiculus.mus@Donecnibhenim.org|OK
31|Clinton|Vincent|677802|adipiscing.lacus.Ut@atlibero.edu|OK
32|aretha|Torres|278324|scelerisque.neque.sed@consequatdolor.ca|OK
33|Kuame|Bruce|295535|metus@hendreritnequeIn.edu|OK
34|Ifeoma|Knight|946108|sem@sagittis.org|OK
35|Jorden|Dodson |605296|Nulla.aliquet.Proin@vitaesodalesat.ca|OK
36|Holmes|Goodwin|633430|et.ultrices.posuere@Etiam.com|OK
37|Ariana|Dillon|269848|ullamcorper@magna.org|OK
38|Julian|Kramer|815929|Sed@adipiscinglobortisrisus.co.uk|OK
39|Victor|Kaufman|688093|Maecenas.mi@eusem.org|OK
40|Shaeleigh|Pope|687812|Donec.porttitor@felis.org|OK
41|Hope|Mathis|493162|penatibus@elit.ca|OK
42|Brendan|Tyler|348407|pellentesque.tellus.sem@vitae.co.uk|OK
43|Jerry|merritt|440407|lorem.sit.amet@eudolor.co.uk|OK
44|Brittany|Stephens|412405|Nunc.sed@fringillaeuismodenim.com|OK
45|ignacia| downs|505038|Vivamus.euismod.urna@idlibero.co.uk|OK
46|lillith|mcdaniel|204861|ultricies.ligula@gravida.co.uk|OK
47|Brody|George|391293|tortor@et.com|OK
48|Danielle|Mcclure|396229|Aliquam.nisl@ut.ca|OK
49|Alexis|Sullivan|443051|morbi.tristique.senectus@sagittislobortismauris.com|OK
50|Nayda|Gregory|685096|Sed.nulla.ante@arcuCurabiturut.ca|OK
51|Nicole|Riley|877883|lobortis@molestiearcuSed.com|OK
52|Kato|Poole|172510|lorem@vulputatenisisem.org|OK
53|Amity|Ball|323456|Integer@egestasAliquamnec.ca|OK
54|Cynthia|Solis|993712|lacus.Mauris.non@eratvolutpat.com|OK
55|Sopoline|Compton|484168|Suspendisse.tristique.neque@vestibulum.org|OK
56|Juliet|Acevedo|189750|velit.eget@ipsum.com|OK
57|Hakeem|Lopez|390418|dui.nec.urna@lectus.net|OK
58|Geoffrey|Barlow|128379|sit.amet@Proin.edu|OK
59|Regina|England|833719|consequat.nec@id.org|OK
60|Aladdin|Morrow|551973|augue.id@PhasellusornareFusce.ca|OK
61|Hedy|Hogan|400266|magna@euismod.org|OK
62|Burton|Glass|743267|eu@Curabitur.co.uk|OK
63|Brenda|Valenzuela|494320|turpis.Nulla.aliquet@at.net|OK
64|Nathaniel|Rojas|707964|malesuada.ut.sem@aliquetodioEtiam.net|OK
65|Hope|Hale|564110|dui.semper.et@nullaat.co.uk|OK
66|Jena|Terry|837174|morbi.tristique.senectus@Donecnibh.com|OK
67|September|Townsend|666325|Proin@Donec.ca|OK
68|Shelley|Mccormick        |326352|Duis.gravida@actellus.edu|OK
69|Demetrius|Nixon|268110|dignissim.Maecenas.ornare@sagittisDuisgravida.net|OK
70|Hilda|Erickson|640660|semper@necleoMorbi.org|OK
71|KayÈ|Noel|464972|Aenean.massa.Integer@anteMaecenasmi.co.uk|OK
72|Kiayada|Trevino|541127|lectus.a@ametmetus.co.uk|OK
73|Nerea|Marquez|542980|molestie.tellus.Aenean@nonjusto.ca|OK
74|Wilma|Hyde|284416|id.enim@sedhendrerit.co.uk|OK
75|Vielka|Farmer|312641|Phasellus.elit@interdum.net|OK
76|Macey|Reid|103928|rutrum@magnisdisparturient.org|OK
77|Lawrence|Petersen|378757|nunc.interdum@Donec.com|OK
78|Bernard|Meyer|526863|diam.Proin.dolor@aliquet.com|OK
79|Ingrid|Harrell|961348|nec.imperdiet@sed.co.uk|OK
80|Rowan|Buchanan|368777|libero.lacus.varius@orciUt.org|OK
81|Donovan|Greene|561509|enim.commodo.hendrerit@convallisincursus.com|OK
83|Nevada|black|504965|enim.condimentum@a.net|OK
84|Beverly|Boyle|625739|Cum@atpedeCras.net|OK
85|Xyla|Buckley|929603|euismod.urna@id.co.uk|OK
86|Linus|Conner|583611|accumsan.neque@sitamet.net|OK
87|Eliana|Knapp|249511|neque.sed.dictum@ligula.co.uk|OK
88|Hedley|Gordon|857599|lorem.auctor.quis@loremeu.com|OK
89|Hayfa|Church|380365|fermentum.risus@Maurisquisturpis.co.uk|OK
90|Judah|May|126611|fringilla.purus.mauris@Nullam.net|OK
91|Hamish|Ware|604869|est.mollis@nislMaecenasmalesuada.net|OK
92|Laith|Knight|923896|porttitor.scelerisque.neque@tristiquepharetra.com|OK
93|Avye|Franco|213223|enim.Mauris.quis@lectus.ca|OK
94|Dawn|Travis|237331|accumsan.convallis.ante@non.ca|OK
95|Savannah|Holcomb|471877|Mauris.blandit@elit.com|OK
96|Justina|Branch|972166|lobortis.quam@rutrum.edu|OK
97|Baxter|Strickland|810914|molestie.arcu@Quisquepurussapien.org|OK
98|Yoshio|Henson|936223|vehicula@sem.edu|OK
99|Vaughan|Slater|854240|aliquet.odio.Etiam@euultrices.net|OK
100|Patricia|Alston|537516|tincidunt.nunc@Sedegetlacus.net|OK
101|Hakeem|Ward|274878|Integer@faucibusorci.ca|OK
102|Abra|Olsen|237282|Sed@Donecelementum.edu|OK
103|Jana|Hickman|143425|cursus.non.egestas@sapien.net|OK
104|Clinton|Washington|179247|Duis@nibh.co.uk|OK
105|conan|black|327732|ultricies.ornare.elit@fringillacursuspurus.com|OK
106|calista|castillo|323478|justo@fermentumconvallis.edu|OK
107|Zenaida|Macdonald|590813|egestas.Sed.pharetra@lacus.ca|OK
108|Astra|Mills|442039|et.nunc@nullaanteiaculis.edu|OK
109|Indigo|Nixon|605127|laoreet.posuere.enim@Praesent.edu|OK
110|Aurora|Bishop|994681|egestas.hendrerit.neque@malesuadamalesuada.edu|OK
111|Jacob|Jensen|270394|erat.vel@massa.ca|OK
112|Kylan|Martin|216635|convallis.est.vitae@acmattis.net|OK
113|Keane|England|413437|dui@dui.edu|OK
114|Axel|Duran|231314|facilisi@Donec.co.uk|OK
116|Griffin|Chan|263299|Lorem.ipsum.dolor@felis.co.uk|OK
117|Eaton|Beach|646837| fringilla.porttitor@euismod.ca|OK
118|Joelle|Russell|912784|purus@Phasellusliberomauris.net|OK
119|Yasir|Burnett|478087|lectus.Cum@Fuscefermentumfermentum.net|OK
120|Maggie|Little|763296|ac@penatibuset.co.uk|OK
121|Sybil|Donovan|207420|Curabitur.vel.lectus@Inscelerisque.co.uk|OK
122|Madison|Riley|813329|nunc@quismassaMauris.org|OK
123|Colin|Allison|312626|nunc.nulla.vulputate@faucibus.org|OK
124|Tanisha|Johnston|306270|erat.Sed@habitantmorbitristique.com|OK
125|Lysandra|Lane|349336|lacus.Mauris@necmetus.co.uk|OK
126|Macy|Bell|805605|enim@augueSedmolestie.com|OK
127|Violet|Dunn|691767|Proin.vel.nisl@maurisaliquameu.co.uk|OK
128|Ina|Sexton|214316|augue.ac.ipsum@ultriciessemmagna.ca|OK
129|Irma|Gilliam|165083|turpis@acmattis.org|OK
130|Dahlia|Ratliff|532422|tincidunt.dui.augue@dolorsitamet.net|OK
131|Miriam|Drake|309169|ut@molestie.edu|OK
132|Nomlanga|Lindsay|832425|in@interdum.edu|OK
133|Tamekah|Blevins|128721|augue.ac@justoPraesent.ca|OK
134|Katelyn|Grimes|331598|dictum.cursus.Nunc@posuerecubilia.co.uk|OK
135|Ann|Dillon|391437|mauris.Suspendisse@Vivamus.org|OK
136|Kennedy|Poole|588173|scelerisque.neque.sed@pedeCumsociis.org|OK
137|Orli|Guerra|177991|elit@ipsum.edu|OK
138|Zeus|Downs|459124|imperdiet@Suspendisseac.ca|OK
139|Genevieve|Hobbs|411801|ullamcorper@risusMorbi.com|OK
140|Conan|Miles|758462|orci.lobortis@elitpellentesque.net|OK
141|Lawrence|Sims|728987|tellus.justo@lacusEtiam.co.uk|OK
142|Randall|Pollard|555802|porttitor.tellus.non@loremut.ca|OK
143|Philip|Chang|903419|tincidunt@a.co.uk|OK
144|Connor|Carr|561948|est@Nulladignissim.edu|OK
145|Eaton|Wright|476577|facilisis.non@molestiepharetranibh.com|OK
146|Thaddeus|Wilcox|376301|tincidunt@Duisatlacus.com|OK
147|Deirdre|Parks|467040|arcu@duinecurna.ca|OK
148|Ayanna|Dillon|717610|interdum@pulvinar.com|OK
149|Ora|Middleton|322955|ornare.sagittis.felis@euismodestarcu.ca|OK
150|Quemby|Barlow|821554|lobortis.augue@aliquamiaculislacus.co.uk|OK
151|Alma|Frost|907669|Cras.vehicula@lacusCras.com|OK
152|Calvin|Vang|158023|et@ultriciessem.com|OK
153|Declan|Ayala|759613|adipiscing.Mauris@mifringilla.edu|OK
154|Vera|Guy|108461|tellus.id@eleifendnecmalesuada.ca|OK
155|Ina|Sykes|133280|sodales@CuraeDonec.org|OK
156|Janna|Gordon|143092|pede@aliquetmetus.co.uk|OK
157|Quinn|Blevins|242971|conubia@orci.edu|OK
158|Teagan|Gardner|711315|sociis.natoque.penatibus@ut.com|OK
159|Freya|Bryan|470348|aliquam.adipiscing@sapien.org|OK
160|Cleo|Lewis|686677|sed@Etiamligulatortor.com|OK
161|Hiroko|Brady|907178|ornare.tortor.at@Aliquam.org|OK
162|Zelenia|Mendoza|289167|et.commodo.at@aliquetnec.ca|OK
163|Lee|Ramsey|968707|est.mollis@augueeutempor.org|OK
164|Lyle|Morin|607560|augue.eu.tellus@vitae.org|OK
165|Lillith|Trevino|324262|Nullam.suscipit.est@Curabitur.org|OK
166|Harper|Hooper|551804|rutrum@aliquet.org|OK
167|Caleb|Emerson|219166|consectetuer@massa.net|OK
168|Nyssa|Livingston| 897187|at@tortorat.net|OK
169|Rooney|Berry|931245|non.feugiat.nec@interdum.net|OK
170|Cameron|Holland|393567|nec.urna.suscipit@gravidasagittis.co.uk|OK
171|Phyllis|Mccullough|314945|neque.tellus.imperdiet@et.ca|OK
172|Cherokee|Barton|107944|amet.dapibus@nisiCumsociis.com|OK
173|Cade|Gentry|730222|nascetur@tellus.org|OK
174|Melvin|Huff|466023|a.auctor.non@erosNam.org|OK
175|Haley|Monroe|668718|Nunc.commodo@amet.net|OK
176|Rafael|Byers|235198|Duis@hymenaeos.com|OK
177|Sarah|Emerson|354241|Donec.vitae@Nullam.co.uk|OK
178|Maxwell|Romero|701470|imperdiet.nec.leo@utlacus.edu|OK
179|Nayda|Frederick|417522|nec.mollis@facilisisloremtristique.org|OK
180|Juliet|Montoya|160370|mauris@ligulaNullam.co.uk|OK
181|Tate|Conway|550097|fermentum@pedeultrices.ca|OK
182|Gail|Wolf|836814|mauris.Suspendisse@velitjustonec.org|OK
183|Axel|Oneill|105316|sollicitudin@rhoncus.net|OK
184|Grady|Henson|250457|pede.nonummy.ut@lorem.org|OK
185|Halla|Pruitt|749935|a.tortor.Nunc@enimCurabiturmassa.edu|OK
186|Wallace|Wong|363440|commodo.hendrerit@rutrum.ca|OK
187|Eden|Patrick|506668|Duis.ac.arcu@turpis.com|OK
188|Mary|Allen|653247|libero@ipsum.co.uk|OK
189|Nissim|Rowe|589092|pede.Cum.sociis@metusAeneansed.com|OK
190|Marshall|Hines|155941|nec.imperdiet@nonummyFusce.com|OK
191|Forrest|Yates|559097|ipsum@lorem.net|OK
192|Venus|Roberts|706861|ac@mauriseuelit.net|OK
193|Wyoming|Adkins|329497|massa@Nullam.edu|OK
194|Nayda|Andrews|493027|diam@Cumsociisnatoque.co.uk|OK
195|Neil|Powers|751352| Donec.egestas.Duis@iaculisodio.com|OK
196|Merritt|Wright|130559|urna.et.arcu@velitAliquamnisl.com|OK
197|Charissa|Logan|870961|arcu.imperdiet.ullamcorper@nislarcu.edu|OK
198|Ashely|Mills|510619|Duis@leoMorbineque.com|OK
199|Aretha|Lopez|228492|cursus@intempus.net|OK
200|Elvis|Barber|707985|nec.mollis@ullamcorperviverraMaecenas.ca|OK
201|Kuame|Cole|774288|penatibus.et@dolor.org|OK
202|Kasper|Bruce|375055|aptent.taciti@tristiquepharetraQuisque.ca|OK
203|DeirdrÈ|Franco|998247|Fusce.mollis.Duis@urna.com|OK
204|Ross|Obrien|564567|magna.Duis@fermentumrisusat.edu|OK
205|Carlos|Petersen|330307|Mauris.blandit@velit.com|OK
206|Maia|Vang|910824|sem.semper.erat@NuncmaurisMorbi.com|OK
207|Armand|Calhoun|760361|Donec@convalliserat.net|OK
208|Chantale|Compton|687993|cursus@sitamet.net|OK
209|Elijah|Noble|571946|vestibulum@rutrummagnaCras.edu|OK
210|Hasad|Terry|536611|ipsum@loremegetmollis.edu|OK
211|Emery|Nieves|993333|nec@elitAliquam.org|OK
212|Denise|Farley|871811|libero.Proin@lorem.net|OK
213|Victor|Lowe|781930|sociis.natoque@nectempusscelerisque.edu|OK
214|Quinn|Harrington|124421|diam@elitelit.ca|OK
215|Jade|Moss|194990|et.netus.et@lobortis.co.uk|OK
216|Brenden|Valencia|896900|ante.Maecenas@velit.co.uk|OK
218|Ifeoma|Whitney|543699 |Proin.nisl.sem@odiovelest.edu|OK
219|Macon|Mcdonald|357273|nisl.elementum@utcursus.net|OK
220|Claudia|Boyle|556300|vitae.risus@sagittisDuisgravida.ca|OK
221|Tyler|Tucker|595247|ornare.In.faucibus@utnisia.edu|OK
222|Paki|Fisher|222290|magna.a.tortor@tempusscelerisque.org|OK
223|Edward|Logan|817668|auctor.nunc.nulla@Aliquamerat.co.uk|OK
224|Lara|Harding|428828|neque.pellentesque.massa@at.co.uk|OK
225|Wade|Morrison|445191|eu.eros.Nam@tincidunt.edu|OK
226|Garrett|Tyson|220472|metus.Vivamus@utpellentesque.edu|OK
227|Phillip|Hodges|117182|consectetuer.ipsum.nunc@incursuset.com|OK
228|Dahlia|Bryant|164133|quis.turpis@magnatellusfaucibus.edu|OK
229|Raja|Rogers|348514|In.at.pede@magnisdisparturient.edu|OK
230|Hannah|Herring|721867|senectus.et.netus@etmalesuadafames.ca|OK
231|Barclay|Hartman|634058|odio@Cumsociis.ca|OK
232|Gwendolyn|Pate|972379|nunc.ac.mattis@estvitae.ca|OK
233|Basia|Perez|833778|egestas@mieleifendegestas.org|OK
234|Celeste|Joseph|205952|urna.Nunc.quis@quisdiam.edu|OK
235|Meghan|Underwood|521135|In.at.pede@quamvel.co.uk|OK
236|Renee|Howard|241348|nulla@In.edu|OK
237|Armando|Becker|750503|Curabitur.consequat.lectus@tortorNunccommodo.net|OK
238|Kirk|Brennan|887040|risus.quis.diam@Inscelerisquescelerisque.net|OK
239|August|Christensen|694378|eu.neque@felisDonec.co.uk|OK
240|Blake|Knox|725503|posuere@Donecsollicitudinadipiscing.co.uk|OK
241|Aurelia|Reeves|925612|Pellentesque.habitant.morbi@arcu.com|OK
242|Leah|Hewitt|812708|pede.nec@idrisusquis.edu|OK
243|Gage|Garner|317911|convallis.convallis.dolor@at.org|OK
244|Sloane|Bridges    |793417|ante@etmagnis.net|OK
245|Fleur|Dudley|315646|senectus@disparturient.edu|OK
246|Mariam|Torres|221027|lobortis.Class.aptent@intempus.org|OK
247|Kay|Key|421142|placerat@in.ca|OK
248|Isaac|Hunt|994158|elit.Curabitur.sed@utmiDuis.co.uk|OK
249|Halee|Lester|966367|nec.urna@non.net|OK
250|Phoebe|Robles|253721|Mauris@tempor.co.uk|OK
251|Dara|Baldwin|345619|commodo.tincidunt.nibh@Vivamus.edu|OK
252|Justin|Clay|736404|id.libero@blandit.com|OK
253|Jackson|Workman|658849|nisi@musProinvel.net|OK
254|Xerxes|Spencer|317934|elit.Nulla@euligulaAenean.co.uk|OK
255|Mallory|Gill|111643|Nullam.ut.nisi@Nullamfeugiatplacerat.ca|OK
256|Marsden|Benton|102066|a.neque.Nullam@sem.co.uk|OK
257|Amela|Vaughn|549367|sem.mollis.dui@Proin.ca|OK
258|Tarik|Butler|629716|Etiam.laoreet.libero@vitaeodiosagittis.edu|OK
259|Quintessa|Collins|701782|Integer.in.magna@mollis.net|OK
260|Quon|Hayes|983029|auctor@orciPhasellus.co.uk|OK
261|Astra|Dodson|998620|Pellentesque.ultricies.dignissim@etultrices.ca|OK
262|Kimberly|Fitzgerald|549261|sed.leo.Cras@elitsed.com|OK
263|Shoshana|Craft|908163|vel.vulputate@consectetuer.co.uk|OK
264|Riley|Johnston|345836|risus@semut.co.uk|OK
265|Sasha|Noble|336154|ac@auctorodio.org|OK
266|Howard|Cooley|167868 |faucibus@ametultricies.org|OK
267|Travis|Baxter|199047|Nunc.ullamcorper.velit@nulla.com|OK
268|Cole|Olson|641456|egestas@nuncnullavulputate.edu|OK
269|Priscilla|Leon|747764|eu@arcu.net|OK
270|Raphael|Cherry|543735|adipiscing@ornareelitelit.edu|OK
271|Adele|Conrad|281988|Nullam.vitae@aliquamarcuAliquam.co.uk|OK
272|Brenden|Hester|305612|Cras@egestas.ca|OK
273|Patrick|Ward|904486|massa@nascetur.org|OK
274|Ocean|Mckinney|697539|tempus@aliquetsemut.net|OK
275|Hilel|Allison|702056|dignissim.Maecenas@velit.edu|OK
276|Willa|Diaz| 157615|Aliquam.tincidunt@metuseuerat.co.uk|OK
277|Unity|Pierce|625980|Sed.molestie@urnaNuncquis.co.uk|OK
278|Maisie|Terry|305212|eget.laoreet@nonsapien.ca|OK
279|Patrick|Mills|202984|id@dui.com|OK
280|Beck|Lindsey|775469|eleifend.egestas@justositamet.edu|OK
281|Yvette|Brooks|404844|Aliquam@vitaeposuere.net|OK
282|Lionel|Hernandez|988901|semper@ut.com|OK
283|Stone|Stuart|579927|molestie.pharetra@Nullamsuscipitest.com|OK
284|Lane|Shannon|417044|sit@liberoest.ca|OK
285|Ramona|Romero|281912|dapibus.quam.quis@sedpede.edu|OK
286|Paul|Fitzpatrick|848894|rhoncus.Proin@interdum.com|OK
287|Donna|Herrera|280439|parturient.montes.nascetur@dolorNullasemper.co.uk|OK
288|Jonah|Cooper|688900|diam.lorem.auctor@eleifendnunc.com|OK
289|Talon|Larsen|964146|orci@ut.net|OK
290|Simon|Nguyen|866811|volutpat.nunc.sit@neceuismod.net|OK
292|Lucius|Myers|849864|Nam@acmattissemper.org|OK
293|Montana|Dillon|965302|vulputate.ullamcorper.magna@vestibulummassa.co.uk|OK
294|Wyoming|Williams|454-586|odio.a.purus@Suspendisse.co.uk|Verificar
295|Hadley|Miles|799964|montes@hendreritDonec.edu|OK
296|Adam|Nash|776153|dictum.magna.Ut@Sedeu.edu|OK
297|Blaine|Franklin|259300|at.velit@dignissimmagnaa.net|OK
298|Chaim|Mathews|458103|nunc.interdum@lacinia.co.uk|OK
299|Meghan|Whitaker| 352355|leo@tempus.org|OK
300|Jamalia|Bryan|693188|   velit.Sed.malesuada@Nullatincidunt.ca |OK
301|Honorato|Serrano|843356|amet.metus.Aliquam@Naminterdum.com|OK
303|Cleo|Gallegos|334568|nisi.a.odio@tortordictumeu.net|OK
304|Kay|Doyle|360887|Phasellus.dolor.elit@nequesedsem.ca|OK
305|Cooper|Washington|297316|scelerisque.sed.sapien@adipiscing.com|OK
306|Rhoda|Bruce|562363|mollis@pellentesque.co.uk|OK
307|Whoopi|Vance|781305|Aliquam@risus.co.uk|OK
308|Jermaine|Francis|972382|convallis@vulputateduinec.com|OK
309|Owen| Franklin|371448|risus@orciquis.net|OK
310|Howard|Bell|351675|sagittis.felis@Proinvel.co.uk|OK
311|Kenneth|Bird|437/680|est@utpharetrased.org|Verificar
312|Yen|Bush|365274|odio@mollisneccursus.org|OK
313|Leo|Fischer|196672|Vestibulum.accumsan.neque@vestibulum.co.uk|OK
314|Morgan|Britt|419533|sem.consequat@luctus.org|OK
315|Quamar|Henderson|438148|magnis@enimsit.co.uk|OK
316|Hanae|Lancaster|889145|in.felis.Nulla@aliquetodio.net|OK
317|Hyatt|Becker|734683|Fusce@porttitor.net|OK
318|Marvin|Dyer|152047|tellus.non.magna@sitametluctus.ca|OK
319|Isaiah|Salazar|242021|litora@tortorat.org|OK
320|Allistair|Dudley|114908|tellus.justo.sit@lobortis.ca|OK
321|Maisie|Le|766314|rhoncus.Proin.nisl@In.edu|OK
322|Dana|Waters|633792|amet@luctusCurabitur.edu|OK
323|Austin|Fields|425272|pretium.et@posuerecubiliaCurae.ca|OK
324|Keane|Ellis|838037|mauris@erosnectellus.net|OK
325|Risa|Good|154586|felis@velit.net|OK
326|Casey|Barton|712872|ut.nisi.a@sem.com|OK
327|Neil|Sloan|216397|consectetuer@pedesagittisaugue.com|OK
328|ingrid|horne|122102|molestie@Aeneanegetmetus.net |OK
329|Gage|Weiss|171513|eget.lacus.Mauris@augue.edu|OK
330|Justina|Vega|571497|dui.nec@etmalesuadafames.ca|OK
331|Lars|Velazquez|435704|dolor.dolor.tempus@luctus.ca|OK
332|Chloe|Trujillo|290140|montes@tinciduntpedeac.edu|OK
333|Lillian|Chen|909714|risus.Morbi.metus@nullaInteger.net|OK
334|Leslie|Hutchinson|822166|libero.Morbi@sit.edu|OK
335|Dane|Howell|775057|Integer.tincidunt.aliquam@Curabiturutodio.org|OK
336|Jacob|Burns|804620|a.feugiat@afacilisisnon.co.uk|OK
338|Kerry|Cortez|936316|nulla.Integer.urna@amet.edu|OK
339|Allegra|Roth|594536|et@ategestasa.edu|OK
340|Richard|Baird|825702|auctor.velit.Aliquam@auctorquis.net|OK
341|Ori|Hendricks|397940|nisl.Nulla@dolor.net|OK
342|Caryn|Finch|509571|pede.Nunc.sed@rhoncusDonec.edu|OK
343|Ezekiel|Whitney|400714|sem@sodalespurus.ca|OK
344|Marcia|Luna|989332|vulputate.risus@condimentumegetvolutpat.net|OK
345|Dolan|Obrien|780898|Phasellus.ornare@odioEtiamligula.com|OK
346|Imogene|Cummings|430799|bibendum.sed@nislarcuiaculis.net|OK
347|Lunea|Hobbs|422832|vulputate.posuere@loremvitaeodio.org|OK
348|Brent|Barry|535835|scelerisque.neque@tellus.ca|OK
349|Aladdin|Daniel|958898|mollis.Integer.tincidunt@Suspendisseseddolor.com|OK
350|Hedwig|Yates|330896|enim.Etiam.imperdiet@consequat.net|OK
351|Honorato|Oliver|270300|enim.Etiam.gravida@adipiscingelitEtiam.ca|OK
352|Marcia|Hughes|956895|faucibus.orci@sedconsequatauctor.co.uk|OK
353|Ila|Kinney|315162|augue.ac@sed.com|OK
354|Patrick|Hanson|107616|nunc.In@molestiesodalesMauris.co.uk|OK
355|quin|herring|485857|sit.amet@maurisSuspendisse.co.uk|OK
356|Ulla|Sharpe|308306|purus.ac.tellus@variuset.edu|OK
357|Piper|Levine|524519|morbi@augue.com|OK
358|Myra|Francis|200907|nibh@Suspendissesagittis.edu|OK
359|Amanda|Barton|450687|felis.ullamcorper@pharetranibh.ca|OK
360|Orli|Langley|404206|nulla.at@commodo.net|OK
361|Teegan|Knox|354634|Cum.sociis@dolorDonec.co.uk|OK
362|Rhiannon|Garza|294158|tortor.Integer.aliquam@Nullaeget.co.uk|OK
363|McKenzie|Freeman|120226|vulputate.dui.nec@ligula.co.uk|OK
364|Jeremy|Cobb|749524|adipiscing.Mauris.molestie@diam.co.uk|OK
365|Adele|Frederick|871183|tincidunt.orci.quis@sapienNunc.net|OK
366|Rebecca|Lynch|995385|ultrices@mauris.co.uk|OK
367|Summer|Nash|333787|venenatis.lacus@Pellentesque.co.uk|OK
368|Idola|Espinoza|759943|sed.consequat.auctor@utaliquam.net|OK
369|Miriam|Smith|702940|Nunc.lectus.pede@inlobortis.ca|OK
370|Anthony|Haley|213130|euismod.et.commodo@ultriciesornare.com|OK
371|Davis|Hardin|620920|vulputate.mauris@Praesenteu.ca|OK
372|Nigel|Taylor|381294|ante.iaculis.nec@elitNulla.org|OK
373|Samantha|Beck|382531|neque.Nullam@malesuada.ca|OK
374|Hammett|Hurley|557766|Quisque@loremvitaeodio.co.uk|OK
375|Daria|Huffman|352383|malesuada@nibhAliquamornare.co.uk|OK
376|Hillary|Luna|261286|Quisque.nonummy.ipsum@gravida.com|OK
377|Charles|Walton|232113|auctor.odio@sitamet.com|OK
378|Lesley|Salazar|152561|Aliquam@iaculis.com|OK
379|allegra|hendrix|632689|vitae@dictum.co.uk|OK
380|Maxwell|Clements|284241|urna.Ut.tincidunt@varius.org|OK
381|Kyra|Thomas|622385|tincidunt.pede.ac@Nunclaoreetlectus.com|OK
382|Jarrod|Vincent|234168|cursus.Integer@tempus.org|OK
383|Whoopi|Nelson|141899|dis@acturpis.org|OK
384|Leslie|Rios|286012|venenatis@mollis.net|OK
385|Keith|Hensley|225178|  volutpat.ornare@Nuncacsem.com|OK
386|Jared|Lowe|635445|iaculis@luctusvulputate.ca|OK
387|Palmer|Acevedo|168-722|ut.pellentesque.eget@eleifendCrassed.org|Verificar
388|Hasad|Hampton|577257|semper.cursus.Integer@nequevenenatislacus.edu|OK
389|Olga|Melton|463371|pellentesque@Aliquam.edu|OK
390|Blossom|Berg|444711|Nunc.laoreet@Sed.edu|OK
391|Olympia|Conway|918834| est.congue@tempordiam.ca|OK
392|Sacha|Burris|102476|nec@aliquetlibero.com|OK
393|Baker|Patterson|473992|molestie.tortor@dictummi.org|OK
394|Basil|Hale|257894|euismod.urna@nunc.ca|OK
395|Hollee|Horton|247577|vitae@maurisidsapien.com|OK
396|Quemby|Battle|447345|elit.Nulla@nonarcuVivamus.com|OK
397|Chaney|Harrison|867989|ut.odio@duiquisaccumsan.com|OK
398|Chelsea|Trujillo|914221|tempor.bibendum.Donec@condimentumDonecat.ca|OK
399|Libby|Warner|540499|blandit@aliquet.com|OK
400|Giacomo|Mays|666153|sed.pede@lobortisnisi.edu|OK
401|Hilel|Vasquez|661814|amet.risus.Donec@lacuspedesagittis.edu |OK
402|Stephen|Manning|207724|cursus@miacmattis.net|OK
403|Alexis|Thomas|558496|Integer@Morbi.edu|OK
404|Ori|Fox|350150|posuere@Class.edu|OK
405|Drew|York|490453|nonummy@scelerisque.net|OK
406|Kasper|Gates|415234|cursus@semmolestiesodales.com|OK
407|Price|Kemp|384774|pharetra.sed@rhoncusNullamvelit.org|OK
408|Clark|Travis|305257|penatibus.et.magnis@aliquetmolestietellus.org|OK
409|Margaret|Levine|907761|Nulla.tincidunt@Nunc.edu|OK
410|Madeline|Head|557604|dignissim@sed.org|OK
411|Alana|Morse|302529|in@egestasblanditNam.co.uk|OK
412|Kelly|Savage|104851|sit.amet.orci@euaccumsansed.net|OK
413|Allegra|Benjamin|735727|vitae.posuere.at@cursusInteger.co.uk|OK
414|Jolie|Francis|509057|mauris@pharetra.ca|OK
415|Courtney|Salinas|114392|nec@nunc.net|OK
417|Astra|Good|450789|Donec.egestas@arcuVestibulum.org|OK
418|Leigh|Berry|714485|taciti.sociosqu.ad@Crasvulputate.net|OK
419|Lareina|Page|827641|cursus.Nunc@dolor.org|OK
420|Freya|Hunt|858990|Donec.fringilla.Donec@sedconsequat.org|OK
421|Candice|Tanner|319493|commodo@dolorelit.org|OK
422|Chancellor|Bean|563449|natoque@orciDonecnibh.ca|OK
423|Savannah|Madden|396985|quis@lectusante.net|OK
424|Barbara|Dale|322237|consequat.lectus.sit@Namnulla.edu|OK
425|Lewis|Martinez|723313|Aenean.gravida@uterat.com|OK
427|Melissa|Hodge|846250|id.mollis@eratvolutpatNulla.co.uk|OK
428|Sebastian|Willis|756832|neque.vitae.semper@In.org|OK
429|Angela|Mitchell|701287|Curabitur.dictum@magna.org|OK
430|Xavier|Coffey|608542|est.congue@Nullam.net|OK
431|Galena|Richardson|495958|et.ultrices@Crassedleo.ca|OK
432|Carter|Nash|973247|convallis.in.cursus@eu.org|OK
433|Kai|Chase|129206|nec.tempus@vulputateposuerevulputate.net|OK
434|Cherokee|Galloway|740378|elit.Aliquam.auctor@velitSedmalesuada.com|OK
435|Howard|Ryan|327228|dignissim@elitCurabitur.net|OK
436|Larissa|Gilliam|959308|libero.Morbi@nec.org|OK
437|Yasir|Castillo|645135|dapibus@utpharetrased.edu|OK
438|Harding|Alvarado|408584|Cum.sociis@arcu.net|OK
439|Ferdinand|Warner|863753|at@malesuadaIntegerid.co.uk|OK
440|Leila|Jacobson|706851|vulputate.posuere@Mauris.net|OK
441|Edward|Goff|876751|sagittis.lobortis@egetmagnaSuspendisse.co.uk|OK
442|Slade|Cotton|725255|congue@Fuscefermentumfermentum.co.uk|OK
443|Anjolie|Lopez|987562|tellus.Phasellus.elit@Curabiturdictum.ca|OK
445|Mechelle|Weeks|226883|ullamcorper@sit.net|OK
446|Nomlanga|Austin|608139|euismod.mauris@elit.net|OK
447|Cade|Padilla|663467|Fusce.mollis@nonhendrerit.org|OK
448|Bernard|Phelps|847042|eu.ligula.Aenean@parturient.co.uk|OK
449|Kyle|Rivas|857881|feugiat.non@mipede.net|OK
450|Tobias|Thornton|621323|eros.turpis@Aliquam.co.uk|OK
451|Emma|Madden|272050|ac.mattis.semper@Aeneansedpede.org|OK
453|Fredericka|Cunningham|680753|sed@scelerisque.edu|OK
454|Glenna|Avila|114495|per.conubia@utodio.co.uk|OK
455|Montana|Velazquez|428025|Integer.vitae.nibh@Suspendissetristique.ca|OK
456|Shelly|Franks|295600|sed.est@amet.edu|OK
457|Roary|Shannon|538130|aliquam.arcu.Aliquam@Nulla.edu|OK
458|Hyatt|Paul|615541|per@augueacipsum.ca|OK
459|Hayes|Daniels|229343|penatibus.et.magnis@eget.co.uk|OK
460|Kim|Spence|496636|eget.metus.In@egetodio.ca|OK
461|Kim|Schmidt|836345|in.felis.Nulla@pedePraesenteu.net|OK
462|Arthur|Wiggins|525139|arcu.Vestibulum@Fuscefeugiat.edu|OK
463|Rylee|Lane|270321|dolor.egestas@sem.org|OK
464|Dexter|Stanley|169979|congue@aliquetdiamSed.com|OK
465|Brian|Dillon|126548|magnis@magnis.edu|OK
466|Adele|Bates|341901|blandit@Donectemporest.edu|OK
467|Melanie|Salazar|356065|Fusce@PhasellusnullaInteger.co.uk|OK
468|Neve|Heath|774221|convallis.ligula.Donec@cursusInteger.com|OK
469|Russell|Simpson|950502|lorem@utdolor.net|OK
470|Clark|Lynn|421053|vel.sapien.imperdiet@enimEtiamgravida.edu|OK
471|Athena|Evans|231014|tellus.faucibus@Namtempordiam.net|OK
472|Joan|Webster|539060|erat.Etiam.vestibulum@eget.org|OK
473|Quon|Mcclure|459436|justo.nec.ante@Phasellus.ca|OK
474|Isabelle|Rowe|181297|euismod.est@luctuslobortisClass.ca|OK
475|Hilda|Mccray|566107|mauris.aliquam@scelerisquedui.com|OK
476|Ivana|Chapman|357-130|et@Cras.co.uk|Verificar
477|Hope|Oneal|  893425|ut@ut.org |OK
478|Nita|Hubbard|232371|Etiam@Nullafacilisis.edu|OK
479|Preston|Foley|304656|venenatis.vel@mattis.ca|OK
480|Fritz|Dorsey|338234|libero@vel.ca|OK
481|Jared|Owens|139175|vel.mauris@molestie.edu|OK
482|Ryan|Wolf|507983|nisi.dictum@non.org|OK
483|Brock|Cobb|378204|Integer.in@tinciduntpedeac.co.uk|OK
484|Kyla|Travis|320299|urna.suscipit.nonummy@nisiCum.net|OK
485|Jenette|Knox|443063|vel.quam.dignissim@turpisvitae.co.uk|OK
486|Porter|Dawson|473795|cursus.et.magna@malesuadamalesuada.org|OK
487|Mason|Daniels|405942|mauris.Morbi@volutpatnunc.org|OK
488|George|Conway|211606|Quisque.porttitor@vitaesodales.com|OK
489|Francesca|Lyons|401449|eu.odio.tristique@volutpatnunc.net|OK
490|Phelan|Sanchez|410518|ultricies@aultriciesadipiscing.co.uk|OK
491|Frances|Pennington|566279|ipsum@justoPraesentluctus.ca|OK
492|Julian|Clark|228716|risus.Quisque@Etiamvestibulummassa.net|OK
493|Hanae|Baxter|947537|consectetuer.adipiscing@doloregestas.ca|OK
494|Blaine|Barker| 874570|elit.pretium@sociisnatoquepenatibus.net|OK
495|Bevis|Ross|953508|gravida.Aliquam@dictumultricies.com|OK
496|Ivy|Moore|479275|aliquet.nec@ipsumleo.org|OK
497|Justine|Prince|945163|gravida.Praesent.eu@sagittisfelis.edu|OK
498|Russell|Franks|390033|sollicitudin@tellussemmollis.org|OK
499|Kerry|Howell|730368   |sed.consequat@ac.ca|OK
500|Aline|Roth|342499|sodales.Mauris.blandit@odiotristiquepharetra.ca|OK
501|Clarke|Whitney|519150|urna.suscipit@Integer.net|OK
502|Anastasia|Washington|769094|Donec.dignissim@fermentumrisus.net|OK
503|Beverly|Mcclure|935799|Pellentesque.ut.ipsum@aliquetProin.net|OK
504|Tana|Malone|393227|velit@Suspendissenonleo.co.uk|OK
505|Abraham|Phelps|404553|diam.Pellentesque@adipiscingfringilla.ca|OK
506|Gage|Velazquez|553891|in.molestie.tortor@lectusrutrum.net|OK
507|Charissa|Sampson|477902|sem@Nam.net|OK
508|Francis|Carpenter|941382|non.hendrerit@aliquetnec.ca|OK
509|Portia|Owen|938586|Suspendisse.eleifend@feugiat.co.uk|OK
510|Teegan|Gibson|544890|pharetra.ut.pharetra@ipsum.com|OK
511|Anika|Blackwell|454596| quam.dignissim@egestasa.ca|OK
512|Bert|Douglas|785122|Donec.egestas.Aliquam@bibendumsedest.edu|OK
513|Noble|Nielsen|343536|sit@Quisqueimperdiet.edu|OK
514|Zeph|Ramos|514118|consectetuer.adipiscing@sodalesat.co.uk|OK
515|Daria|Hensley|161501|quis@metusfacilisis.edu|OK
516|Josiah|Thompson|605414|ligula@nonummyipsumnon.ca|OK
517|Wayne|Wilson|973758|nonummy@iaculis.co.uk|OK
518|Upton|Stark|842834|turpis@eterosProin.com|OK
520|Sean|Day|184141|est.tempor.bibendum@velitAliquam.co.uk|OK
521|Peter|Buckner|219255|enim@ametdapibus.ca|OK
522|Callie|Coffey|119634|imperdiet.ullamcorper@nec.com|OK
523|Owen|Haney|565606|in.magna.Phasellus@enim.edu|OK
524|Gwendolyn|Joyner|850422|metus@Nullaeuneque.com|OK
525|Irene|Moreno|497674|scelerisque.sed.sapien@natoquepenatibus.edu|OK
526|Elijah|Fowler|100410|Nunc.lectus@Ut.com|OK
527|Lynn|Bond|685097|facilisis@posuerecubiliaCurae.ca|OK
528|MacKenzie|Dickson|355792|pharetra@utmi.ca|OK
529|Xavier|Goodwin|890319|litora.torquent@suscipitest.co.uk|OK
530|Noelle|Wyatt|876274|ipsum.ac.mi@vitaesemperegestas.com|OK
531|Cara|Ewing|754039|lorem@magnaet.org|OK
532|Shelley|Norton|932551|vulputate.eu@egestasblanditNam.ca|OK
533|Peter|Mayer|970757|Curabitur.egestas.nunc@mollis.ca|OK
534|Ethan|Carey|413142|nascetur@penatibus.ca|OK
535|Jade|Roy|875316|malesuada@musProinvel.org|OK
536|cain|payne|743983|sem.mollis.dui@doloregestas.org|OK
537|Travis|Kim|153708|porta@arcuiaculisenim.net|OK
539|Maggy|Barron|912355|augue@acmattisornare.edu|OK
540|Helen|Winters|421764|risus@duiinsodales.net|OK
541|Unity|Hays|652712|In.at.pede@Proinvel.ca|OK
542|Lionel|Payne|927196|orci.lobortis.augue@ettristique.ca|OK
543|Gregory|Hayes|624656|lorem.ut.aliquam@posuereenim.edu|OK
544|Jocelyn|Rodriquez|894404|nibh@luctussit.ca|OK
545|Sacha|Serrano|925977|magna@aliquetmagnaa.net|OK
546|Nolan|Schmidt|209163|dictum.mi@diam.org|OK
547|Brandon|Valdez|564197|consectetuer.mauris@risus.com|OK
548|Kyra|Lambert|247034|adipiscing.fringilla.porttitor@euismodacfermentum.net|OK
549|Leah|Cohen|523078|dui.Fusce@Nam.org|OK
550|Pearl|Mclaughlin|621755|Sed.neque@Proinvelit.edu|OK
551|Priscilla|Powers|963196|litora@semperauctor.co.uk|OK
553|Dai|Sanders|362494|Sed.id.risus@idmollis.com|OK
554|Jamalia|Newman|427497|turpis@Cum.net|OK
555|Nora|Sharpe|416739|mollis.Phasellus.libero@atliberoMorbi.co.uk|OK
556|Hilda|Foley|651615|Quisque.fringilla.euismod@tempordiam.edu|OK
557|Chandler|Stein|842398|sit@aliquet.org|OK
558|Myles|Warner|902645|lectus.Nullam.suscipit@nonsapienmolestie.ca|OK
559|Samantha|White|160200|penatibus.et.magnis@sit.org|OK
560|Clementine|Good|965886|sed@Donecest.com|OK
561|Kirk|Burks|951476|a.scelerisque@odioPhasellus.co.uk|OK
562|Jin|Cox|272842|urna@et.com|OK
563|Kathleen|Webster|149511|tristique@sapiencursus.co.uk|OK
564|Quail|Norman|372384|ac.risus.Morbi@feugiat.edu|OK
565|Chantale|Acevedo|996688|porttitor.scelerisque.neque@nunc.net|OK
567|Ryan|Sanchez|101779|urna.et@Sed.ca|OK
568|Peter|Cleveland|719219|lacus@tincidunt.edu|OK
569|Irma|Hartman|537105|erat.Vivamus.nisi@consequat.co.uk|OK
570|Tate|Valdez|792159|lacus.pede@lorem.edu|OK
571|Acton|Copeland|864448|malesuada.Integer@vestibulum.ca|OK
572|Ginger|Nelson| 475426|Duis.gravida.Praesent@vulputate.net|OK
573|Carl|Powell|801279|luctus.vulputate@velit.net|OK
574|Patrick|Mcpherson|457877|sollicitudin.commodo.ipsum@diamDuis.net|OK
575|Alisa|Waller|159521|sed@diam.org|OK
576|Tallulah|Sampson|570633|Quisque.varius.Nam@auctorMaurisvel.com|OK
577|Mona|House|352840|Etiam.laoreet.libero@Utsagittislobortis.net|OK
578|Reece|Ford|564400|cubilia.Curae.Donec@sitamet.net|OK
579|Alexis|Hammond|559816|nascetur@Uttincidunt.ca|OK
580|Anika|Padilla|749473|amet.luctus.vulputate@Loremipsum.ca|OK
581|Vladimir|Stephens|159697|vitae.semper@aliquetliberoInteger.edu|OK
582|Brooke|Buckner|328099|Nunc@risusQuisque.com|OK
583|Gregory|Jacobs|182283|magna.Phasellus.dolor@hymenaeosMauris.org|OK
584|Dominic|Lambert|124504|Curabitur@Loremipsumdolor.net|OK
585|Nina|Melendez|894476|et.magnis@ultriciesadipiscing.org|OK
586|Blaze|Torres|780763|euismod.urna.Nullam@Lorem.edu|OK
587|Patience|Mcclain|886444|dui.quis@odio.org|OK
588|Justina|Robles|595773|Vivamus@etnunc.org|OK
589|Bo|Camacho|408656|dis.parturient@sitametfaucibus.edu|OK
590|Uriel|Walsh|744155|sem@Suspendissealiquet.ca|OK
591|Ulysses|Ray|243873|tristique.pellentesque@nibhAliquam.co.uk|OK
592|Rana|Newman|590428|dolor.Fusce@arcu.com|OK
593|Theodore|Underwood|779127|ipsum.dolor.sit@Aenean.edu|OK
594|Sydnee|Lyons|625371|Nam.ligula@Nunc.ca|OK
595|Janna|Mcclain|900655|augue.id.ante@ultricessit.com|OK
596|Bevis|Mcdaniel|218265|et@liberoProinmi.org|OK
597|Dai|Mercado|432831|volutpat@nibhQuisquenonummy.net|OK
598|Chantale|Beard|271975|eu@sit.edu|OK
599|Kristen|Wilson|981676|sit@in.org|OK
600|Steel|Roberson|482479|fermentum.risus.at@Crasdictum.net|OK
602|Shelley|Talley|888035|in@dignissim.edu|OK
603|Yuri|Roach|610231|amet@tinciduntaliquamarcu.com|OK
604|Carissa|Reyes|802530|Suspendisse.ac@urnaUt.co.uk|OK
605|Dane|Sloan|291337|eu.tellus.eu@Sed.edu|OK
606|Armand|Pitts|390966|ligula@variuseteuismod.com|OK
607|Garrett|Leblanc|238108|morbi@nibhlaciniaorci.co.uk|OK
608|Ava|Boyd|176195|In@quisarcuvel.org|OK
609|Gary|Noble|259521|felis.purus.ac@Intincidunt.co.uk|OK
610|Adria|Sparks|120331|tellus.sem@idrisus.com|OK
611|Joelle|Cantrell|153536|molestie.orci.tincidunt@adipiscing.ca|OK
612|Leonard|Robbins|935746|Nunc.quis@Donecsollicitudin.org|OK
614|Zenaida|Vazquez|503503|In@Sedeunibh.co.uk|OK
615|Azalia|Greene|623530|ultrices.iaculis.odio@rutrumjustoPraesent.co.uk|OK
616|Jemima|Livingston|720652|nunc@nec.ca|OK
617|Abel|George|821215|Nunc@lectus.net|OK
618|Althea|Simon|208527|Aenean@variusultricesmauris.net|OK
619|Ulla|James|925253|nisi.magna@ipsum.net|OK
620|Walker|Aguirre|453940|molestie.orci.tincidunt@Maecenas.org|OK
621|Kameko|Hester|592235|eleifend@at.co.uk|OK
622|Eugenia|Guerrero|732609|ligula.elit.pretium@porttitor.org|OK
623|Carson|Blackburn|241522|nibh.Quisque@aliquet.net|OK
624|Cassidy|Salas|496535|faucibus.leo@odioNaminterdum.edu|OK
625|Galena|Holland|460962  |at.risus@tincidunt.co.uk|OK
626|Harper|Vaughan|847177|ipsum.non@miac.co.uk|OK
627|Wesley|Rodgers|336970|lectus@sodaleseliterat.com|OK
628|Jesse|Wheeler|806566|sem@Mauris.ca|OK
630|Tate|Cherry|670600|nec.tempus@cubiliaCurae.edu|OK
631|Caesar|Gilliam|472369|massa@Nunc.ca|OK
632|Laith|Morales|402010|dui.nec.tempus@eu.ca|OK
633|Vaughan|Humphrey|372491|enim.Etiam@Nullafacilisi.ca|OK
634|Nicole|Farmer|882755|elementum@scelerisque.com|OK
635|Dominic|Potter|723524|a.dui@anteiaculis.co.uk|OK
636|Wylie|Melton|346793|malesuada.augue.ut@vitaeerat.net|OK
637|Graiden|Spears|529767|lorem@luctusCurabitur.org|OK
638|Grace|Bush|227601|Cras.eu@tellusnon.net|OK
639|Alisa|Bowen|360394|ad.litora@eu.org|OK
640|Quon|Hart|386479|semper@ultricesa.org|OK
641|Gavin|Vazquez|677647|malesuada.fames@neque.com|OK
642|Chester|Adams|940100|luctus@rhoncusNullam.edu|OK
643|Ivory|Richards|895136|montes.nascetur.ridiculus@massaSuspendisse.net|OK
644|Ella|Graves|345159|purus.sapien.gravida@laoreetposuereenim.org|OK
645|Hamish|Wise|221534|gravida.nunc.sed@uterosnon.ca|OK
646|Hanna|Rowe|923160|sit.amet.luctus@magnaseddui.net|OK
647|Chaney|Winters|563976|quam@Utsagittislobortis.com|OK
648|Jillian|Warner|948293|purus@necdiam.com|OK
649|Dana|Buckley|691043|convallis@senectusetnetus.org|OK
650|Ursa|Mcclure|601035|commodo.hendrerit@tortorIntegeraliquam.com|OK
651|Tallulah|Monroe|556024|arcu.Sed@liberoInteger.co.uk|OK
652|Alexandra|Rogers|484590|sit.amet@ipsumcursus.org|OK
653|Wendy|Snider|845560|felis@ullamcorpervelit.com|OK
654|Quinn|Mays|272201|Curabitur.consequat.lectus@elitdictum.org|OK
655|Larissa|Norris|581445|ultricies.adipiscing@et.com|OK
656|Michelle|Barnett|111978|lectus.justo@Aeneaneuismodmauris.net|OK
657|Alexandra|Burt|421216|molestie@facilisiSedneque.net|OK
658|Troy|Dickerson|493139|ornare@sapienmolestie.net|OK
659|Nissim|Gordon|159613|Nunc@penatibusetmagnis.net|OK
660|kira|koch|592428|non.justo@sodalesnisi.org|OK
661|Nevada|Guy|202838|Mauris@Integer.edu|OK
662|Karyn|Ewing|746159|posuere@eusem.edu|OK
663|Elliott|Duncan|703131|sit.amet@auctorvitaealiquet.com|OK
664|Amal|Larsen|976465|magna@tellusSuspendissesed.org|OK
665|Sage|Reid|785514|justo.nec@elitsedconsequat.com|OK
666|Athena|Thornton|759990|orci.luctus@molestie.edu|OK
667|Daniel|Nguyen|755618|fringilla.euismod@et.edu|OK
668|Kalia|Christensen|661281|justo.sit.amet@arcu.co.uk|OK
669|Bertha|Mercado|474646|non.lobortis@liberoProin.org|OK
670|Maia|West|573172|enim.diam.vel@seddolor.net|OK
671|Jenette|Nixon|706258|magna.Praesent@nequeMorbi.org|OK
672|Zena|Bentley|872179|id.sapien.Cras@ametluctus.com|OK
674|Jana|Michael|205695|lorem.Donec@variuseteuismod.net|OK
675|Florence|Bird|729671|fringilla.Donec@felispurus.net|OK
676|Odysseus|Alford|772403|aliquam@dapibus.co.uk|OK
677|Chiquita|Cote|237271|et.magnis@nasceturridiculusmus.net|OK
678|Thomas|Carroll|298458|arcu@consectetuer.com|OK
679|Nolan|Lancaster|131937|netus@sitamet.edu|OK
680|Martin|Pruitt|921996|ac@ligulaNullam.edu|OK
681|Phoebe|Rasmussen|173526|eu.dolor@Etiam.com|OK
682|George|Bradshaw|787467|augue.eu@acfeugiatnon.edu|OK
683|Hedda|Erickson|953661|tellus@sem.edu|OK
684|Phyllis|Cameron|895781|scelerisque.sed.sapien@elitfermentum.ca|OK
685|Denton|Norman|844752|Quisque@nonlaciniaat.ca|OK
686|Burke|Webb|589872|eu.odio@Phasellusnulla.org|OK
687|Fay|Irwin|1181-61|metus@elitsedconsequat.com|Verificar
688|Lareina|Nicholson|212479|non.lacinia@feugiat.com|OK
689|Rebekah|Whitehead|848138|laoreet.libero@eu.org|OK
690|Talon|Daniel|537714|vulputate@adipiscingligula.com|OK
691|Kylie|Travis|252753|augue.scelerisque@pedemalesuadavel.co.uk|OK
692|April|Luna|202101|tempor.diam.dictum@Crasinterdum.org|OK
693|Colt|Richardson|927520|aliquet.magna@Aeneanegetmetus.com|OK
694|Cathleen|Nieves|830704|ac@Fuscemi.co.uk|OK
695|Rhea|Simmons|451662|Curae.Phasellus@atortor.co.uk|OK
696|Palmer|Tran|739659|vitae@loremsitamet.com|OK
697|Chantale|Shelton|327861|ipsum.Phasellus@Sedauctorodio.org|OK
698|Aretha|Rose|115341|magna.Duis@Donec.ca|OK
699|Serina|Buchanan|416987|id@dolorelitpellentesque.co.uk|OK
700|Xanthus|Brooks|734337|a@ornare.edu|OK
701|Henry|English|571478|malesuada.fames.ac@sitamet.org|OK
702|Yoshi|Dunlap|391466|lacus@nullaIntincidunt.org|OK
703|Josephine|Mcconnell|653622|magna.Praesent@eueuismod.org|OK
704|Doris|Dale|267801|scelerisque.mollis.Phasellus@blanditcongueIn.org|OK
705|Christopher|Jenkins|272116|risus.Donec@Utsagittis.co.uk|OK
706|Rina|Shaw|731200|scelerisque.dui@et.com|OK
707|Vanna|Bates|701827|non@tempusmauriserat.co.uk|OK
708|Blaine|Hogan|661959|iaculis@tristiquepharetraQuisque.co.uk|OK
709|Ulla|Howe|271626|sem.elit.pharetra@penatibuset.edu|OK
710|Stone|Cleveland|588083|ac@vulputaterisus.net|OK
711|Breanna|Wooten|185469|dictum@massanon.net|OK
712|Bethany|Britt|847799|nascetur@liberoestcongue.com|OK
713|Farrah|Hancock|111879|nonummy@eros.edu|OK
714|Darrel|Head|106817|Phasellus.dapibus@quam.org|OK
715|Chloe|Avery|671073|lobortis@ligulaNullamfeugiat.org|OK
716|chase|duffy|913722|Proin.mi@afelisullamcorper.com|OK
717|Suki|Phelps|959927|velit.Pellentesque.ultricies@iaculislacus.org|OK
718|Minerva|Carver|914811|quam.elementum@Namporttitor.com|OK
719|Perry|Mcfarland|207782|nisi@Integerinmagna.edu|OK
720|Blossom|Mendez|515461|adipiscing@utnisia.ca|OK
721|Garrett|Walton|784488|sed.facilisis.vitae@sodalesnisi.net|OK
722|Leo|Townsend|572972|natoque@felisadipiscingfringilla.org|OK
723|Dana|Franklin|732831|justo@pedeacurna.net|OK
724|Gwendolyn|Kerr|309482|interdum@duiFusce.org|OK
725|Quemby|Hahn|593955|semper@sociisnatoquepenatibus.net|OK
726|Velma|Woodard|939943|Sed@ametorci.ca|OK
727|Roanna|Frost|347168|a@blanditviverraDonec.net|OK
728|Kasimir|Cox|593917|Proin@faucibusorci.ca|OK
729|Sage|Weaver|958719|dignissim@sedhendrerit.co.uk|OK
730|Iola|Best|294186|bibendum.fermentum.metus@erat.edu|OK
731|Olivia|Landry|571384|ac.turpis@vitae.net|OK
732|Baker|Alvarado|850487|elementum.dui@auguemalesuada.co.uk|OK
733|Yuli|Levine|907142|montes.nascetur@eu.org|OK
734|Blair|Berger|999511|turpis.egestas.Aliquam@fermentum.org|OK
735|Mari|Duncan|516520|luctus.ipsum.leo@velitPellentesqueultricies.net|OK
736|Shana|Barr|714216|arcu.Curabitur@et.ca|OK
737|Kitra|Hudson|172599|Vestibulum.accumsan@euduiCum.org|OK
738|Salvador|Roach|551142|Aliquam.erat.volutpat@natoque.ca|OK
739|Moses|Crosby|670863|Sed.diam.lorem@molestie.org|OK
740|Mona|Hull|580591|rutrum@pellentesquemassalobortis.org|OK
741|Paula|Cash|805539|arcu@ultriciesadipiscingenim.edu|OK
742|Finn|Randolph|646011|mauris.aliquam@duiCum.edu|OK
743|Vladimir|Lee|463223|Curabitur.dictum.Phasellus@amet.net|OK
744|Unity|Decker|456649|egestas@pedesagittis.org|OK
745|Aristotle|Mayo|697968|habitant.morbi.tristique@aliquet.co.uk|OK
746|Mona|Vincent|666738|auctor.ullamcorper@Donecegestas.org|OK
747|Adena|Hamilton|235537|nec@Aliquamerat.ca|OK
748|Thaddeus|Hughes|507661|laoreet.posuere.enim@Integer.co.uk|OK
749|Kimberly|Bruce|954208|morbi.tristique.senectus@maurisrhoncus.edu|OK
750|Quynn|Ewing|143660|sociosqu.ad.litora@ornarelectus.ca|OK
751|Craig|Lancaster|807267|ipsum.porta.elit@duiCum.edu|OK
752|Ignatius|Walters|974978|posuere@Donec.net|OK
753|Oren|Ware|165921|consequat.nec.mollis@odioa.org|OK
754|Denise|Tran|610980|tellus.justo.sit@nibh.ca|OK
755|Alec|Marquez|986460|placerat@in.org|OK
756|Rana|Blair|148318|cursus@consequatlectussit.edu|OK
757|Penelope|Hurst|423861|sapien@adipiscingnon.co.uk|OK
759|Nero|Bentley|650062|auctor@aliquamarcuAliquam.com|OK
760|Sharon|Roman|328615|risus.at@dignissimMaecenas.co.uk|OK
761|Wyatt|Castaneda|360433|tincidunt.neque.vitae@orcitinciduntadipiscing.co.uk|OK
762|Petra|Patel|770980|feugiat.Lorem.ipsum@Donecnibh.org|OK
763|Caleb|Adams|850023|et.ultrices@ac.com|OK
764|gloria|moses|763614|lacus.Quisque.imperdiet@ullamcorpernislarcu.ca|OK
765|Faith|Knight|421776|nec@enimSuspendissealiquet.co.uk|OK
766|Sophia|Palmer|754722|in.consequat.enim@fringillaDonec.net|OK
767|Perry|Shepherd|316512|felis.Nulla@Cras.com|OK
768|Nathaniel|Erickson|139299|luctus.et.ultrices@Sed.edu|OK
769|Palmer|Berger|149515|ipsum@Nullamvitaediam.ca|OK
770|Quail|Washington|694177|sit.amet.risus@Pellentesquehabitantmorbi.edu|OK
772|Tiger|Nash|319727|semper@pretiumetrutrum.org|OK
773|Blake|Beard|796308|molestie.arcu.Sed@intempuseu.org|OK
774|Ryan   |Hart|426438|eu.tellus@morbi.co.uk|OK
776|Sigourney|Richmond|327527|metus@Cras.edu|OK
777|Fallon|David|249474|risus@Cumsociisnatoque.org|OK
778|Raphael|Olsen|758424|Nunc.mauris.elit@sitametmetus.org|OK
779|Casey|Hubbard|978445|mi.Aliquam@Ut.org|OK
780|Uma|Shields|208440|semper.erat@auctorvitae.org|OK
781|Claire|Steele|840107|vulputate.eu@venenatisamagna.ca|OK
782|Vanna|Stone|569988|erat.volutpat.Nulla@aliquet.net|OK
783|Xerxes|Gonzalez                   |801556|mus@tristiquealiquet.com|OK
784|Kalia|Morgan|109181|at.auctor@Mauriseuturpis.net|OK
785|Deirdre|Pope|528011|ligula.Nullam.enim@Fuscealiquamenim.edu|OK
786|Xerxes|Franklin|470142|semper.cursus.Integer@Curabitur.edu|OK
787|Kieran|Clayton|138622|rutrum@at.com|OK
788|Jolie|Hobbs|929351|suscipit.nonummy@Mauris.co.uk|OK
789|Shad|Gregory|475023|tellus@Pellentesquetincidunttempus.net|OK
790|George|Luna|333704|metus@risusaultricies.org|OK
791|Janna|Sullivan|795523|Nullam@placerat.org|OK
792|Joseph|Leon|861931|ullamcorper@ultrices.com|OK
793|Paki| Hudson|919367|erat@urnaet.org|OK
794|Whilemina|Justice|870037|aliquet.diam@gravidamauris.net|OK
795|Rhoda|Gregory|358467|massa.Integer.vitae@feugiat.edu|OK
796|Giacomo|Pollard|663873|lobortis.quis@lectussitamet.net|OK
797|Tad|Kirkland|412739|ipsum.dolor.sit@adipiscingelit.co.uk|OK
798|Silas|West|928949|semper.Nam.tempor@velit.com|OK
799|Lavinia|Pruitt|232896|nonummy.ac.feugiat@magnaaneque.co.uk|OK
800|Alexa|Love|294797|Mauris.vestibulum@lectusantedictum.co.uk|OK
801|Moana|Ortiz|756794|Nunc@nonfeugiatnec.edu|OK
802|Ignacia|Gilliam|496080|Curabitur.dictum.Phasellus@risus.ca|OK
803|Wesley|Riggs|356136|Fusce.fermentum@Morbisitamet.org|OK
804|Kerry|Perkins|643610|odio.Aliquam.vulputate@pede.edu|OK
805|Alfonso|Guerra|719634|nec.cursus@Naminterdum.edu|OK
806|Colt|Rice|763856|eleifend@risusvariusorci.org|OK
807|Nelle|Moses|418065|eu@euismod.edu|OK
808|Martin|Bradshaw|641853|quis.turpis@orciUt.org|OK
809|Yolanda|Beasley|303871|orci.adipiscing.non@semPellentesqueut.org|OK
811|Melvin|Washington|284820|est@magnased.ca|OK
812|Jacqueline|Mann|761134|luctus.vulputate.nisi@hendreritconsectetuer.ca|OK
813|Samuel|Travis|692116|lectus.pede@nonsollicitudin.org|OK
814|Hamish|Reese|255295|eu@adipiscing.co.uk|OK
815|Bianca|Vaughn|277596|dis.parturient.montes@sit.co.uk|OK
816|Igor|Vance|875433|quis.pede.Praesent@mollis.com|OK
817|Stephen|Bell|320480|Morbi.quis@loremluctus.edu|OK
818|Carolyn|Mercer|776260|eu.metus.In@malesuadafames.net|OK
819|Reuben|Conner|405844|massa.Mauris.vestibulum@aliquet.edu|OK
820|Inez|Horn|104145|nibh.lacinia@blandit.com|OK
821|Dolan|Villarreal|116828|dui.in@Nullaegetmetus.net|OK
822|Richard|Slater|911686|urna.et.arcu@nequesed.com|OK
823|Ali|Jennings|646424|mauris@Crasdictum.com|OK
824|Harper|Valentine|269087|a.enim@pellentesqueSeddictum.co.uk|OK
825|Garrison|Guerra|916208|iaculis.quis.pede@Nulla.ca|OK
826|Casey|Beach|842656|convallis.in.cursus@eget.co.uk|OK
827|Amelia|Hewitt|191021|Donec.est.Nunc@apurus.edu|OK
828|Erica|Glass|185928|augue@quislectus.ca|OK
829|Unity|Carroll|487234|augue@egestas.net|OK
830|Candace|Mclean|296635|In.nec.orci@sit.org|OK
831|Sheila|Copeland|923053|lobortis.mauris@maurisblandit.edu|OK
832|September|Stanley|512166|et@Nullaeu.edu|OK
833|Melinda|Ramsey|838379|eget@Crasdolor.edu|OK
834|Wang|Jenkins|510684|vel@egestas.edu|OK
835|Lester|Burns|340323|Aliquam.nec.enim@egetnisi.edu|OK
836|Keegan|McCoy|93128|feugiat.nec@eu.co.uk|OK
837|Kennedy|House|564714|libero.mauris@eu.edu|OK
838|Tara|Savage|371310|fringilla.porttitor@aceleifend.org|OK
839|Sylvia|Cantu|850728|malesuada.malesuada@lorem.co.uk|OK
840|Hedley|Gaines|736791|sodales.purus.in@scelerisquenequeNullam.edu|OK
841|Ashely|Mills|200213|fringilla@facilisisfacilisis.com|OK
842|Alec|Mcdaniel|246702|imperdiet.nec.leo@rhoncusDonecest.org|OK
843|Porter|Hoffman|343013|ut.nisi@mollisPhaselluslibero.co.uk|OK
844|Orlando|Ryan|416930|orci.Donec.nibh@sapienmolestie.net|OK
845|Timothy|Bright|357997|mauris@Utsagittis.edu|OK
846|Igor|Britt|649677|non@SuspendisseeleifendCras.edu|OK
847|Rama|Lowery|895040|odio.sagittis@commodo.edu|OK
849|Shannon|Abbott|599196|sollicitudin.orci@est.edu|OK
850|wendy|davis|465382|ut@leoMorbi.co.uk|OK
851|Desirae|White|172913|id.erat.Etiam@pharetrasedhendrerit.com|OK
852|Callum|Cunningham|304089|id.mollis@penatibus.edu|OK
853|Xena|Mcfadden|164330|non@Fuscealiquam.net|OK
854|Desirae|Hebert|780381|vestibulum@sagittissemper.co.uk|OK
855|Janna|Graham|664096|porttitor.vulputate.posuere@Integer.ca|OK
856|Nehru|Rocha|109153|Proin.eget.odio@penatibusetmagnis.com|OK
857|David|Walker|913448|et@Quisque.com|OK
858|Winifred|Wade|772283|Duis.volutpat.nunc@DuisgravidaPraesent.net|OK
859|Steven|Nicholson|720437|justo.Praesent@tempor.co.uk|OK
860|Talon|Patterson|645824|placerat.Cras.dictum@eratEtiamvestibulum.net|OK
861|Willa|Rush|305144|non.quam.Pellentesque@egestasSedpharetra.org|OK
862|Vielka|Dickerson|417530|nulla.vulputate.dui@magnis.co.uk|OK
863|Hayes|Flynn|639187|sodales@Nullamscelerisqueneque.net|OK
864|Camille|Mooney|850285|et.magnis@nisiCumsociis.edu|OK
865|Gavin|Lang|542404|eu.enim@eget.edu|OK
866|Kyle|Ratliff|846969|dignissim.lacus@adipiscingnonluctus.co.uk|OK
867|Margaret|Morrow|549884|libero.nec@turpis.com|OK
868|Clare|Williams|160165|sagittis.semper.Nam@Nullamfeugiatplacerat.ca|OK
869|Charlotte|Wilder|903549|Quisque.purus.sapien@acmattis.ca|OK
870|Quin|Hays|127427|mi.Duis@mollisPhaselluslibero.ca|OK
871|kelsey|holman|728789|feugiat.placerat@ametrisusDonec.co.uk|OK
872|Joelle|Morrow|701417|magna@enim.net|OK
873|Lionel|Thornton|117164|dolor.Fusce@quisdiam.edu|OK
874|Ryan|Mcleod|730772|consequat.auctor@velitSedmalesuada.com|OK
875|Anjolie|Kirk|662211|est@gravida.ca|OK
876|Tanya|Pace|946370|posuere.vulputate.lacus@dolor.org|OK
877|Quintessa|Knox|998765|In@suscipitest.edu|OK
878|Jason|Burton|837164|Maecenas.iaculis@vitae.edu|OK
879|Mira|Oneal|203734|Proin.non.massa@ametorci.co.uk|OK
880|Bryar|Landry|983624|tempus.eu@vitaealiquet.com|OK
881|Amela|Figueroa|492816|et.malesuada@adipiscingelit.ca|OK
882|Zenaida|Pacheco|399345|elit.pede@lorem.edu|OK
883|Deirdre|Russo|850855|porttitor@lorem.net|OK
884|Lars|Crawford|174515|diam.luctus.lobortis@scelerisqueloremipsum.co.uk|OK
885|Ramona|Cox|406292|gravida.Praesent@nectempus.com|OK
886|Jessica|Stevenson|600526|mauris.a@tortor.com|OK
887|Zoe|Sweeney|544816|arcu@fringilla.net|OK
888|Connor|Patton|627202|et.euismod.et@loremeumetus.com|OK
890|Kimberly|Mcdonald|301174|enim.gravida@nonegestasa.net|OK
891|Florence|Vega|827540|senectus.et@bibendum.net|OK
892| Shay|Mcclain|591017|Cum.sociis@mauris.org|OK
893|Zorita|Warner|632203|in@Integer.com|OK
894|Russell|Booth|509718|quam.vel@consectetueripsumnunc.ca|OK
895|Rahim|Klein|282554|mattis.ornare@enimSuspendisse.ca|OK
896|Dane|Dean|849924|mauris.blandit.mattis@loremacrisus.co.uk|OK
897|Callie|Guzman|929670|sagittis.semper@Morbimetus.com|OK
898|Sonia|Marshall|837600|sed.dictum@portaelita.com|OK
899|Ahmed|Stanton|257438|sodales.Mauris@CraspellentesqueSed.ca|OK
900|Phoebe|Miles|711365|gravida.molestie.arcu@quis.net|OK
901|Chantale|Hewitt|312734|consectetuer.rhoncus.Nullam@pedeCrasvulputate.edu|OK
902|Roanna|Fitzpatrick|165138|pede.ultrices@loremut.co.uk|OK
903|Maite|Garner|120702|augue.eu.tempor@Pellentesqueutipsum.com|OK
904|Lavinia|Wilson|476139|ridiculus.mus@enimcondimentumeget.org|OK
905|Alice|Dyer|973758|Vivamus.nibh.dolor@gravidamauris.co.uk|OK
906|Kelsie|Booth|365050|interdum.Nunc.sollicitudin@apurus.edu|OK
907|Maite|Porter|199442|metus@urnaet.com|OK
908|Kerry|Fulton|571839|elit.pretium.et@DonecegestasAliquam.com|OK
909|Valentine|Reynolds|219167|lorem.eu.metus@nibh.ca|OK
910|Tatum|Mcfadden|913067|dolor@orcilobortis.edu|OK
911|Lydia|Cash|680747|Ut.tincidunt.vehicula@dignissimtemporarcu.org|OK
912|Blossom|Guerra|139412|cursus.et@netus.com|OK
913|Dolan|Conner|800164|eget@ultricesposuere.org|OK
914|Nathan|Walsh|860060|vehicula.risus.Nulla@anteipsum.ca|OK
915| Ulric |Le|666944|Suspendisse.sed.dolor@purus.org|OK
916|Chloe|Wells|136891|luctus@placerat.edu|OK
917|Nichole|Duffy|551597|a@eget.org|OK
918|Felicia|Bowman|420188|elit.pellentesque@lacusMauris.ca|OK
919|Nathaniel|Church|301078|malesuada.fames@hendrerit.ca|OK
920|Ifeoma|Wiggins|643328|velit.dui@Etiambibendumfermentum.org|OK
921|Victor|Koch|351492|dui@eu.edu|OK
922|Olga|Mcintosh|482631|semper.cursus@ac.org|OK
923|Chaney|Stephens|539285|enim@acorci.net|OK
924|Walker|Olson|767653|pharetra.Nam.ac@laciniavitaesodales.co.uk|OK
925|Alexa|Schultz|914749|eget.ipsum@acmetusvitae.com|OK
926|Xenos|Lyons|326309|in@Cum.org|OK
927|Isabelle|Christensen|730117|habitant.morbi.tristique@Fuscediamnunc.ca|OK
928|April|Nash|181746|egestas.Sed@laciniavitaesodales.edu|OK
929|Uriah|Bailey|608600|Nulla.facilisi.Sed@vitaepurus.co.uk|OK
930|Mia|Camacho|372985|malesuada@utipsum.com|OK
931|Mollie|Hayden|960804|enim@enim.com|OK
932|Gary|Reeves|664649|Aliquam.fringilla.cursus@tempusmauriserat.edu|OK
933|Aimee|Knight|592749|diam.luctus.lobortis@augueSed.edu|OK
934|Nora|Leonard|114392|ornare.elit@libero.com|OK
935|Cassandra|Glover|412969|et@ipsumdolor.com|OK
936|Michael|Walters|408988|libero.mauris.aliquam@ultricesposuere.ca|OK
937|Wang|Maxwell|782879|a.magna.Lorem@molestiearcu.co.uk|OK
938|Barclay|Montoya|547698|Nulla.facilisi.Sed@et.co.uk|OK
939|Kuame|Le|922053|placerat@non.co.uk|OK
940|Kirsten |French|760086|malesuada.Integer.id@necurna.edu|OK
941|Ann|Fernandez|722651|luctus.ipsum@amet.ca|OK
942|Brendan|Hood|141602|tellus.eu@placerateget.com|OK
943|Madaline|Harris|543315|pharetra.ut.pharetra@faucibus.org|OK
944|Illana|Dominguez|817915|erat.vel@fermentummetus.ca|OK
945|Solomon|Bright|728577|et@liberoatauctor.edu|OK
946|Brady|Duncan|258909|Curabitur.sed.tortor@nonummyacfeugiat.org|OK
947|Inga|Le|710604|mollis.Duis@Loremipsumdolor.org|OK
948|Sopoline|Ratliff|224834|Nam@fringillami.org|OK
949|Yvonne|Mccarty|650033|posuere.at.velit@augueut.ca|OK
950|Bradley|Nicholson|174673|adipiscing@urna.ca|OK
951|Chester|Mckenzie|879786|odio.Phasellus@feugiattellus.org|OK
952|Keiko|Shepard|386378|Aliquam.nec@etrutrumnon.ca|OK
953|Penelope|Lester|641084|Mauris.molestie@sedsemegestas.ca|OK
954|Nina|Garrison|321511|purus.ac.tellus@eunulla.org|OK
955|Veronica|Barr-Novel|953228|sollicitudin@Nunc.org|OK
956|Kalia|Roth|490775|arcu.Vestibulum.ut@ligula.org|OK
957|Aquila|Sexton|671975|sed@duiquisaccumsan.co.uk|OK
958| Reuben|Ferrell|589150|interdum@sit.edu|OK
959|Ignacia|Benjamin|774017|eget.dictum.placerat@enimMauris.com|OK
960|Taylor|Wallace|75182|orci@dolor.net|OK
961|Candice|Ramos|595914|eget.metus@eueuismod.co.uk|OK
962|Mohammad|Dominguez|223157|Curabitur.vel.lectus@nisimagna.edu|OK
963|Nigel|Park|883607|Aenean@sociosqu.net|OK
964|Uriel|Osborne|245362|Etiam.gravida@eleifend.ca|OK
965|Chloe|Bishop|172716|mauris.Integer@metus.net|OK
966|Anjolie|Peters|223948|tortor.dictum.eu@vestibulum.com|OK
967|Jaime|Levy|981016|ac@Aliquam.co.uk|OK
968|Sonya|Curtis|284805|neque.In.ornare@pedeblanditcongue.ca|OK
969|Steven|Sims|151438|litora.torquent.per@fringillami.edu|OK
970|Gretchen|Mcintyre|243757|ornare@eratvel.edu|OK
971|Dai|Duffy|487306|dolor@In.com|OK
972|Dorothy|Roy| 734417|quis@Sedetlibero.ca|OK
973|Dacey|Hall|161112|viverra.Maecenas@etmalesuada.co.uk|OK
974|Kerry|Stevenson|665141|tortor.dictum@vitaedolorDonec.org|OK
975|Casey|Harrell|155224|nec.malesuada.ut@maurisa.org|OK
976|Hector|Lancaster|951250|ante@nullamagna.co.uk|OK
977|Sloane|Rocha|753759|a.felis.ullamcorper@magna.com|OK
979|Kenyon|Cannon|225309|elit@iaculisnec.org|OK
980|Willow|Leonard|904752|Etiam.laoreet@ipsumCurabitur.org|OK
981|Kasper|Mayer|700039|porttitor.tellus@vitaealiquetnec.edu|OK
982|Gemma|Hartman|137599      |luctus@ProinmiAliquam.edu|OK
983|Whilemina|Rosales|991184|augue@felisorci.edu|OK
984|Ignatius |Monroe|445886|Suspendisse@necligula.org|OK
986|Tanya|Howard|295481|Donec.consectetuer.mauris@venenatislacus.co.uk|OK
988|Giacomo|Hardy|951442|justo.nec@augue.ca|OK
989|Gage|Oneal|708749|a@velit.edu|OK
990|Jayme|Dillard|139811|eu@egestas.edu|OK
991|Hunter|Leon|562993|elit.pede@euarcu.ca|OK
992|Mannix|Chambers|492950|sit.amet.nulla@DuisgravidaPraesent.org|OK
993|Quinn|Marquez|179211|ultrices.Duis@sociis.com|OK
994|Patricia|Franks|957295|enim@ipsum.edu|OK
995|Celeste|Craig|369639|magnis@adipiscing.ca|OK
996|Kirestin|Potts|653131|in@accumsan.co.uk|OK
997|Kristen|Stout|628705|tempus@Loremipsumdolor.edu|OK
998|Daniel|Snider|535804|porttitor.tellus.non@maurisMorbinon.com|OK
999|Simone|Mcleod|407847|et.risus@consectetuereuismod.ca|OK
1000|Hermione|Morales|478506|eu.nulla@Donec.com|OK
